id,category_id,slug,title,title_english,description,description_english,price,image_url,destination,duration,is_featured,is_active,created_at,updated_at
08f03309-c40d-4d9b-a550-b6291599313d,,excursion-a-monte-alban-arrazola-y-san-bartolo-coyotepec,"Excursión a Monte Albán, Arrazola y San Bartolo Coyotepec","Monte Albán, Arrazola and San Bartolo Coyotepec Excursion","Sumérgete en la riqueza del legado zapoteca explorando la zona arqueológica de Monte Albán y descubriendo el fascinante arte local en Arrazola (alebrijes) y San Bartolo Coyotepec (barro negro). El recorrido incluye transporte desde tu hotel en Oaxaca, guía en español e inglés, y regreso seguro.

*Duración 8 h*

**Incluye:** 
Recogida y traslado desde hoteles del centro histórico de Oaxaca (también colonia Trinidad Huertas), transporte en minibús compartido, guía bilingüe (español e inglés) y seguro de viaje dentro de la unidad.
No incluye
Comida
Entrada a Monte Albán (86 MXN por persona, aprox.)
Entradas adicionales a otros sitios","Immerse yourself in the richness of the Zapotec legacy by exploring the archaeological zone of Monte Albán and discovering fascinating local art in Arrazola (alebrijes) and San Bartolo Coyotepec (black clay pottery). The tour includes transportation from your hotel in Oaxaca, a Spanish- and English-speaking guide, and a safe return.

*Duration 8 h*

**Includes:** Pickup and transfer from hotels in Oaxaca's historic center (also Trinidad Huertas neighborhood), shared minibus transportation, bilingual guide (Spanish and English), and travel insurance on board.
Not included
Food
Admission to Monte Albán (approximately MXN $86 per person)
Additional admissions to other sites",1250.00,https://media-cdn.tripadvisor.com/media/attractions-splice-spp-674x446/07/29/41/1d.jpg,oaxaca,8 Hours,false,true,2026-05-25 17:23:01.846939+00,2026-06-03 15:02:22.513217+00
11f058dd-f353-49ce-b3f6-0e9bfedc9495,,excursion-a-monte-alban-y-cuilapam,Excursión a Monte Albán y Cuilápam,Monte Albán and Cuilápam Excursion,"Descubre la riqueza arqueológica y cultural de Oaxaca en un tour de un día completo a Monte Albán y Cuilápam. Comienza con recogida en tu hotel en Oaxaca capital y disfruta de un trayecto de aproximadamente 45 minutos hacia Monte Albán, donde explorarás las impresionantes ruinas zapotecas, sus plazas ceremoniales, tumbas y vistas panorámicas de los valles oaxaqueños. Después, visita el pintoresco pueblo de Cuilápam de Guerrero, conocido por su arquitectura histórica y su famoso exconvento, para conocer más de la tradición local y degustar productos artesanales.

*Duración aproximadamente 8 h*

**Incluye:** Transporte climatizado ida y vuelta desde tu hotel en Oaxaca, entrada a Monte Albán, guía bilingüe (español/inglés), degustación de productos locales artesanales, almuerzo ligero regional y seguro de viaje básico.","Discover the archaeological and cultural richness of Oaxaca on a full-day tour to Monte Albán and Cuilápam. Start with pickup at your hotel in Oaxaca city and enjoy an approximately 45-minute drive to Monte Albán, where you will explore the impressive Zapotec ruins, ceremonial plazas, tombs, and panoramic views of the Oaxacan valleys. Then visit the picturesque town of Cuilápam de Guerrero, known for its historic architecture and famous former convent, to learn more about local traditions and taste artisanal products.

*Duration approximately 8 h*

**Includes:** Air-conditioned round-trip transportation from your hotel in Oaxaca, admission to Monte Albán, bilingual guide (Spanish/English), tasting of local artisanal products, light regional lunch, and basic travel insurance.",1150.00,https://montealbanoaxaca.com/wp-content/uploads/2026/03/Cuilapam-Oaxaca-Exconvent.jpg,oaxaca,8 Hours,false,true,2026-05-25 17:23:01.846939+00,2026-06-03 15:09:27.903768+00
1d674adb-f106-4a72-93a4-109ec58db670,,entrada-al-santuario-animal-y-aqua-park,Entrada al Santuario Animal y Aqua Park,Animal Sanctuary and Aqua Park Admission,"Accede a dos de las zonas más destacadas del parque Wild Canyon en Los Cabos: el santuario de animales Canyon’s Kingdom Experience y el centro acuático Aqua Park. El recorrido inicia en el parque, donde un biólogo guía bilingüe (español/inglés) te llevará a descubrir la diversidad de fauna rescatada: guacamayos, agapornis, tortugas, serpientes, cocodrilos, iguanas y camellos. Aprenderás sobre sus hábitos de reproducción, tipos de alimentación y características únicas. Luego podrás refrescarte en el Aqua Park, con piscinas y toboganes que ofrecen vistas espectaculares del Mar de Cortés. El parque abre a las 9:30 h y ambas zonas cierran a las 15:00 h.

*Duración aproximadamente 5 h (dependiendo de tu tiempo de estancia, ideal para visitar desde la apertura hasta el cierre de las áreas)*

**Incluye:** 
entrada al santuario Canyon’s Kingdom Experience y al Aqua Park; recorrido guiado bilingüe español e inglés con biólogo en el santuario animal

**No incluye:** 
acceso a otras zonas del parque como el puente colgante o actividades adicionales (entrada adicional)","Access two of the most popular areas of Wild Canyon Park in Los Cabos: the Canyon's Kingdom Experience animal sanctuary and the Aqua Park water area. The tour begins in the park, where a bilingual biologist guide (Spanish/English) will introduce you to rescued wildlife: macaws, lovebirds, turtles, snakes, crocodiles, iguanas, and camels. You will learn about their breeding habits, diets, and unique characteristics. Then you can cool off at the Aqua Park, with pools and slides offering spectacular views of the Sea of Cortez. The park opens at 9:30 a.m. and both areas close at 3:00 p.m.

*Duration approximately 5 h (depending on how long you stay, ideal from opening until the areas close)*

**Includes:** Admission to Canyon's Kingdom Experience and Aqua Park; bilingual Spanish/English guided tour with a biologist in the animal sanctuary

**Not included:** Access to other areas of the park such as the suspension bridge or additional activities (extra admission)",1560.00,https://loscabospassport.com/wp-content/uploads/2020/12/Animal-Kingdom-Sanctuary-40-1.jpg,los-cabos,5 Hours,false,true,2026-05-25 17:23:01.846939+00,2026-06-03 14:45:24.694157+00
274c4006-79ee-461f-af5c-8e72a6f8b57a,,excursion-a-las-cascadas-magicas-de-copalitilla,Excursión a las Cascadas Mágicas de Copalitilla,Magic Waterfalls of Copalitilla Excursion,"Explora en un tour de un día completo la belleza natural de las Cascadas Mágicas de Copalitilla. Comienza con recogida en tu hotel en Huatulco y tras un trayecto de aproximadamente 1.5 h por la sierra, llegarás a un entorno selvático donde podrás caminar, nadar en piscinas cristalinas y disfrutar de la magia del lugar. El recorrido incluye degustación de café y mezcal, encuentro con productos del entorno y un brunch ligero.

*Duración aproximadamente 8 h*

**Incluye:** Transporte climatizado ida y vuelta desde Huatulco, entrada a las cascadas (aproximadamente $100 MXN), guía bilingüe (español/inglés), degustación de café, mezcal y productos medicinales de la comunidad, brunch ligero regional.","Explore the natural beauty of the Magic Waterfalls of Copalitilla on a full-day tour. Start with pickup at your hotel in Huatulco and, after an approximately 1.5-hour drive through the mountains, arrive at a jungle setting where you can walk, swim in crystal-clear pools, and enjoy the magic of the place. The route includes coffee and mezcal tasting, local products, and a light brunch.

*Duration approximately 8 h*

**Includes:** Air-conditioned round-trip transportation from Huatulco, admission to the waterfalls (approximately MXN $100), bilingual guide (Spanish/English), tasting of coffee, mezcal, and community medicinal products, light regional brunch.",1085.00,https://media-cdn.tripadvisor.com/media/attractions-splice-spp-674x446/0f/3e/f4/6f.jpg,oaxaca,8 Hours,false,true,2026-05-25 17:23:01.846939+00,2026-06-03 14:50:53.009462+00
2a1e5759-133a-4087-a9d7-da80c849af7e,01544f37-d138-4297-b970-a46b65c9bb62,noche-mexicana-lucha-libre-tequila-tacos-guacamole,Noche Mexicana: Lucha Libre + Tequila + Tacos y Guacamole,"Mexican Night: Wrestling, Tequila, Tacos and Guacamole","# Descripción

Sumérgete en una noche llena de tradición y sabor mexicano. Comienza en Terraza Casa Pepe, ubicada en el corazón del Centro Histórico, donde un auténtico luchador te introducirá al vibrante mundo de la lucha libre mexicana.

Aprenderás sobre las técnicas más emblemáticas y hasta podrás crear tu propio nombre de luchador.

La velada continúa con una degustación de tacos y guacamole, acompañada de tequila. Posteriormente, serás trasladado en un autobús panorámico hacia la Arena México para disfrutar una función de lucha libre con asientos preferentes.

El recorrido finaliza en el Museo del Tequila y Mezcal.

# Incluye

- Explicación en ring montado en Terraza Casa Pepe
- Degustación de tacos, guacamole y tequila
- Traslado en autobús panorámico a la Arena México
- Entrada con asientos preferentes a la función de lucha libre
- Visita al Museo del Tequila y Mezcal
- Guía experto en tradiciones mexicanas
- Souvenir sorpresa

# No incluye

- Propinas para guías o personal del evento
- Transporte hacia o desde el punto de encuentro

# Importante

El punto de encuentro será definido y confirmado una vez que se realice la reservación.","# Description

Immerse yourself in a night full of Mexican tradition and flavor. Begin at Terraza Casa Pepe in the Historic Center, where an authentic wrestler will introduce you to the exciting world of Mexican lucha libre.

Learn iconic wrestling techniques and even create your own wrestler identity.

The evening continues with tacos, guacamole and tequila tasting before boarding a panoramic bus to Arena México for a live wrestling event with preferred seating.

The experience concludes at the Tequila and Mezcal Museum.

# Includes

- Wrestling explanation inside a professional ring
- Taco, guacamole and tequila tasting
- Panoramic bus transfer to Arena México
- Preferred seating for the wrestling show
- Visit to the Tequila and Mezcal Museum
- Expert guide in Mexican traditions
- Surprise souvenir

# Does not include

- Tips for guides or staff
- Transportation to or from the meeting point

# Important

The meeting point will be confirmed after the reservation process.",2300.00,https://cdn.forbes.com.mx/2023/09/Lucha-libre-Me%CC%81xico-CMLL.webp,experiencias-gastronomicas,4.5 h,true,true,2026-05-25 18:02:35.833199+00,2026-05-25 18:02:35.833199+00
2b723027-ff1f-43c8-9f74-779bb99f24ae,,liberacion-de-tortugas-en-los-cabos,Liberación de Tortugas en Los Cabos,Turtle Release in Los Cabos,"Sé parte de una experiencia única de conservación marina. Te recogemos en tu hotel y te trasladamos hacia una playa protegida donde presenciarás el emocionante proceso de liberación de tortugas marinas recién nacidas. Con la guía de un experto bilingüe (español/inglés), cada participante recibirá su propia tortuga para ayudarla a llegar al mar, además de recibir un certificado de adopción como recuerdo de este acto de solidaridad con el ecosistema. Disfruta de momentos llenos de emoción y conexión con la naturaleza, mientras contribuyes activamente a la supervivencia de estas especies. Después de aproximadamente 3 horas, regresamos a tu hotel.

*Duración aproximadamente 3 h*

**Incluye:** 
transporte climatizado (ida y vuelta) desde el hotel, guía bilingüe español e inglés, una botella de agua, certificado de adopción de tortuga.","Be part of a unique marine conservation experience. We pick you up at your hotel and transfer you to a protected beach where you will witness the exciting release of newborn sea turtles. With the guidance of a bilingual expert (Spanish/English), each participant receives their own turtle to help it reach the sea, and you will also receive an adoption certificate as a keepsake of this act of solidarity with the ecosystem. Enjoy moments full of emotion and connection with nature while actively contributing to the survival of these species. After approximately 3 hours, we return to your hotel.

*Duration approximately 3 h*

**Includes:** Air-conditioned round-trip transportation from the hotel, bilingual guide Spanish/English, one bottle of water, turtle adoption certificate.",2600.00,https://cabotrek.com/wp-content/uploads/2021/10/Turtle-Release-Program-in-Los-Cabos-1.jpg,los-cabos,3 Hours,false,true,2026-05-25 17:23:01.846939+00,2026-06-03 15:14:01.270877+00
33225e7e-c46f-4e3f-a46f-a91bdf26b5d2,,tour-nocturno-con-la-tuna-de-guanajuato,Tour Nocturno con la Tuna de Guanajuato,Night Tour with the Tuna of Guanajuato,"Embárcate en una noche llena de música, historia y diversión en el corazón de Guanajuato. Este tour te llevará por las emblemáticas plazas y callejones del centro histórico, acompañados por una tuna universitaria que amenizará el recorrido con serenatas y canciones tradicionales. Descubre leyendas locales, como la del Callejón del Beso, y disfruta de la arquitectura colonial iluminada por la luna. Es una experiencia única que combina cultura, romance y alegría, ideal para parejas, grupos de amigos y viajeros que buscan una noche inolvidable en Guanajuato.

*Duración aproximadamente 1 h 15 min*

**Incluye:** 
guía en español e inglés, música en vivo a cargo de la tuna universitaria.","Set off on a night full of music, history, and fun in the heart of Guanajuato. This tour takes you through the city's iconic plazas and alleyways in the historic center, accompanied by a university tuna group that livens up the walk with serenades and traditional songs. Discover local legends, such as the Alley of the Kiss, and enjoy the colonial architecture illuminated by the moon. It is a unique experience that combines culture, romance, and joy, ideal for couples, groups of friends, and travelers seeking an unforgettable night in Guanajuato.

*Duration approximately 1 h 15 min*

**Includes:** Spanish and English guide, live music by the university tuna.",170.00,https://www.civitatis.com/f/mexico/guanajuato/tour-nocturno-guanajuato-tuna-589x392.jpg,Guanajuato,1:15 Hours,false,true,2026-05-25 17:23:01.846939+00,2026-06-03 15:10:42.835539+00
36c368e3-4124-48d0-be49-4a6eb303672e,,excursion-a-cozumel,Excursión a Cozumel,Cozumel Excursion,"Disfruta de un día completo explorando la paradisíaca isla de Cozumel, famosa por sus aguas cristalinas y arrecifes ideales para snorkel. Durante la excursión, tendrás tiempo para relajarte en la playa, practicar snorkel en los mejores puntos de la isla y disfrutar de un almuerzo incluido, mientras un guía experto te acompaña y brinda información sobre la historia y cultura de la región.

*Duración de 8 a 10 h*

**Incluye:** Transporte redondo desde Cancún, guía en español e inglés, paseo en barco a Cozumel, snorkel en arrecifes seleccionados, almuerzo tipo buffet o menú local y tiempo libre en la playa para relajación y compras.","Enjoy a full day exploring the paradise island of Cozumel, famous for its crystal-clear waters and reefs ideal for snorkeling. During the excursion, you will have time to relax on the beach, snorkel at the island's best spots, and enjoy an included lunch while an expert guide accompanies you and shares information about the region's history and culture.

*Duration 8 to 10 h*

**Includes:** Round-trip transportation from Cancún, Spanish- and English-speaking guide, boat ride to Cozumel, snorkeling at selected reefs, buffet lunch or local menu, and free time at the beach for relaxation and shopping.",4872.00,https://images.unsplash.com/photo-1484506025411-cb25bd1cf586?q=80&w=1170&auto=format&fit=crop&ixlib=rb-4.1.0&ixid=M3wxMjA3fDB8MHxwaG90by1wYWdlfHx8fGVufDB8fHx8fA%3D%3D,cozumel,8 - 10 Hours,false,true,2026-05-25 17:23:01.846939+00,2026-06-03 14:47:46.200797+00
39dc344d-ff73-4cb2-9f57-59e7216e8658,,tour-a-puebla-y-valquirico,Tour a Puebla y Val’Quirico,Tour to Puebla and Val'Quirico,"Embárcate en una experiencia única que combina historia, arquitectura y belleza natural. Comienza el día explorando Puebla, conocida como la «Ciudad de los Ángeles», famosa por su arquitectura colonial y su rica gastronomía. Visitarás la imponente Catedral de Puebla y la Capilla del Rosario, considerada una de las maravillas del arte barroco. Después, te trasladarás a Val’Quirico, un encantador pueblo inspirado en la Toscana italiana, donde podrás pasear por sus calles adoquinadas, admirar sus fachadas medievales y disfrutar de la oferta culinaria y artesanal local.

*Duración aproximadamente 11 h*

**Incluye:** 
transporte redondo desde Ciudad de México, guía en español e inglés, entradas a los lugares mencionados.

**No incluye:** 
alimentos ni bebidas.","Set off on a unique experience that combines history, architecture, and natural beauty. Start the day exploring Puebla, known as the 'City of Angels,' famous for its colonial architecture and rich cuisine. You will visit the impressive Puebla Cathedral and the Chapel of the Rosary, considered one of the wonders of Baroque art. Afterward, you will head to Val'Quirico, a charming town inspired by Tuscany in Italy, where you can stroll through cobblestone streets, admire medieval-style facades, and enjoy the local culinary and artisan offerings.

*Duration approximately 11 h*

**Includes:** Round-trip transportation from Mexico City, Spanish and English guide, admission to the mentioned places.

**Not included:** Food or drinks.",1590.00,https://pueblatours.mx/images/valquirico/tours-en-puebla-valquirico-1.jpg,puebla,11 Hours,false,true,2026-05-25 17:23:01.846939+00,2026-06-03 15:08:45.302177+00
3b8a38ec-9147-4808-bcd6-55e893cf0cd0,,taller-de-alebrijes-en-san-martin-tilcajete,Taller de Alebrijes en San Martín Tilcajete,Alebrijes Workshop in San Martín Tilcajete,"Descubre el fascinante universo de los alebrijes en este taller de medio día desde Oaxaca. Te recogeremos en tu hotel por la mañana y te llevaremos en minibús hasta San Martín Tilcajete, el corazón de la creación de alebrijes. En uno de los talleres locales, conocerás la historia y el proceso artesanal de estas coloridas esculturas y, lo mejor de todo, tendrás la oportunidad de pintar tu propio alebrije como recuerdo de esta experiencia única. Al finalizar, regresarás a tu hotel alrededor de las 13:30 h, llevando contigo tu creación.

*Duración aproximadamente 3 h 30 min*

**Incluye:** 
transporte climatizado de ida y vuelta desde el hotel, guía en español e inglés, taller de alebrijes con la experiencia de pintado, y una pieza decorada que podrás conservar como souvenir.","Discover the fascinating world of alebrijes in this half-day workshop from Oaxaca. We will pick you up at your hotel in the morning and take you by minibus to San Martín Tilcajete, the heart of alebrije creation. In one of the local workshops, you will learn about the history and craft process of these colorful sculptures and, best of all, you will have the chance to paint your own alebrije as a keepsake from this unique experience. At the end, you will return to your hotel around 1:30 p.m. with your creation.

*Duration approximately 3 h 30 min*

**Includes:** Air-conditioned round-trip transportation from the hotel, Spanish and English guide, alebrijes workshop with painting experience, and one decorated piece you can keep as a souvenir.",940.00,https://www.civitatis.com/f/mexico/oaxaca/taller-alebrijes-san-martin-ticajete-589x392.jpg,oaxaca,3.5 Hours,false,true,2026-05-25 17:23:01.846939+00,2026-06-03 15:15:32.404847+00
3d6c9cbe-fe6f-4603-a745-3b4dba6a6581,,espectaculo-de-mariachis-en-la-plaza-garibaldi,Espectáculo de mariachis en la Plaza Garibaldi,Mariachi Show at Plaza Garibaldi,"Sumérgete en la vibrante tradición mexicana con una noche llena de música, color y alegría en la emblemática Plaza Garibaldi. Este tour te llevará al corazón de la Ciudad de México, donde podrás disfrutar de un espectáculo en vivo de mariachis, interpretando clásicos del repertorio nacional. La plaza, conocida como la cuna del mariachi, ofrece una atmósfera única para vivir esta experiencia cultural.

*Duración aproximadamente 3 h*

**Incluye:** 
transporte redondo desde tu hotel en Ciudad de México, entrada al espectáculo de mariachis, guía en español.

**No incluye:** 
alimentos ni bebidas.","Immerse yourself in vibrant Mexican tradition with a night full of music, color, and joy at the iconic Plaza Garibaldi. This tour takes you to the heart of Mexico City, where you can enjoy a live mariachi performance featuring classics from the national repertoire. The plaza, known as the birthplace of mariachi, offers a unique atmosphere for this cultural experience.

*Duration approximately 3 h*

**Includes:** Round-trip transportation from your hotel in Mexico City, mariachi show admission, Spanish-speaking guide.

**Not included:** Food or drinks.",1100.00,https://images.unsplash.com/photo-1654576205088-6503ad4ffb72?q=80&w=1170&auto=format&fit=crop&ixlib=rb-4.1.0&ixid=M3wxMjA3fDB8MHxwaG90by1wYWdlfHx8fGVufDB8fHx8fA%3D%3D,CDMX,3 Hours,false,true,2026-05-25 17:23:01.846939+00,2026-06-03 14:47:10.760989+00
3ef06c63-2f0c-4780-a36b-68d4f259cb42,,tour-al-cerro-del-cubilete-y-monumento-a-cristo-rey,Tour al Cerro del Cubilete y Monumento a Cristo Rey,Tour to Cerro del Cubilete and Christ the King Monument,"Embárcate en un recorrido que te llevará al corazón de México, al Cerro del Cubilete, donde se erige el majestuoso Monumento a Cristo Rey. Este santuario es uno de los lugares de peregrinaje más importantes del país y ofrece una vista panorámica impresionante. Durante el trayecto, disfrutarás de paisajes únicos y aprenderás sobre la historia y la importancia religiosa del lugar. Al llegar, tendrás tiempo para explorar el santuario, tomar fotografías y reflexionar en este sitio de gran significado espiritual.

*Duración aproximadamente 3 h*

**Incluye:** 
transporte redondo desde Guanajuato, guía en español, seguro de accidentes.","Set off on a tour that takes you to the heart of Mexico, Cerro del Cubilete, where the majestic Christ the King Monument stands. This sanctuary is one of the country's most important pilgrimage sites and offers stunning panoramic views. Along the way, you will enjoy unique landscapes and learn about the history and religious significance of the site. Once there, you will have time to explore the sanctuary, take photos, and reflect in this place of deep spiritual meaning.

*Duration approximately 3 h*

**Includes:** Round-trip transportation from Guanajuato, Spanish-speaking guide, accident insurance.",200.00,https://guanajuato.vip/resources/images/tours/cristo-rey/cristo-rey2.jpg,Guanajuato,3 Hours,false,true,2026-05-25 17:23:01.846939+00,2026-06-03 15:12:17.234582+00
3ffa69fb-363c-4d85-828a-e95d4029c43e,,excursion-a-majahuitas-y-yelapa,Excursión a Majahuitas y Yelapa,Majahuitas and Yelapa Excursion,"Nos reuniremos en la puerta 9 de la Terminal Marítima de Puerto Vallarta y zarparemos en un catamarán hacia la playa de Majahuitas, donde podrás disfrutar de kayak, paddle board y snorkel en aguas cristalinas. Luego continuaremos hacia Yelapa, desde donde recorrerás un sendero tropical hasta llegar a la cascada del mismo nombre, donde podrás darte un refrescante chapuzón. Disfrutarás de un desayuno y una comida tipo pícnic rodeado de naturaleza antes de regresar al punto de partida en una travesía inolvidable por la bahía de Banderas.

*Duración aproximadamente 8 h 30 min*

**Incluye:** 
transporte en catamarán, guía bilingüe (español/inglés), desayuno ligero, comida tipo pícnic, equipo para snorkel, kayak y paddle board, barra libre a bordo, e ingreso a la cascada en Yelapa","We will meet at Gate 9 of the Puerto Vallarta Maritime Terminal and set sail by catamaran toward Majahuitas Beach, where you can enjoy kayaking, paddle boarding, and snorkeling in crystal-clear waters. Then we continue to Yelapa, where you will follow a tropical trail to the waterfall of the same name and enjoy a refreshing swim. You will have breakfast and a picnic-style lunch surrounded by nature before returning to the starting point on an unforgettable journey through Banderas Bay.

*Duration approximately 8 h 30 min*

**Includes:** Catamaran transport, bilingual guide (Spanish/English), light breakfast, picnic lunch, snorkeling gear, kayak and paddle board, open bar on board, and waterfall entrance in Yelapa",2440.00,https://dynamic-media-cdn.tripadvisor.com/media/photo-o/1a/60/bc/e6/caption.jpg?w=1200&h=-1&s=1,Puerto Vallarta,8.5 Hours,false,true,2026-05-25 17:23:01.846939+00,2026-06-03 14:51:22.014418+00
45103640-18bf-4a53-b89f-92dbc1300e86,,tour-privado-por-guanajuato,Tour Privado por Guanajuato,Private Tour of Guanajuato,"Embárcate en un recorrido exclusivo por Guanajuato, una ciudad Patrimonio de la Humanidad, acompañado por un guía experto que compartirá contigo la rica historia y las leyendas que envuelven cada rincón. Comenzaremos con una visita al Monumento al Pípila, desde donde podrás disfrutar de una vista panorámica de la ciudad. Continuaremos hacia el Museo de las Momias, un lugar fascinante que alberga una colección única de momias naturales. A lo largo del recorrido, también tendrás la oportunidad de degustar los tradicionales dulces típicos de la región. Este tour privado está diseñado para ofrecerte una experiencia personalizada y profunda de la ciudad.

*Duración aproximadamente 3 h 30 min*

**Incluye:** 
transporte en minibús o autobús, guía bilingüe español e inglés, recogida en el hotel.","Set off on an exclusive tour of Guanajuato, a World Heritage city, accompanied by an expert guide who will share the rich history and legends that surround every corner. We begin with a visit to the Pípila Monument, where you can enjoy panoramic views of the city. We continue to the Mummy Museum, a fascinating place that houses a unique collection of natural mummies. Along the way, you will also have the opportunity to taste the traditional regional sweets. This private tour is designed to offer you a personalized and in-depth experience of the city.

*Duration approximately 3 h 30 min*

**Includes:** Minibus or bus transportation, bilingual Spanish and English guide, hotel pickup.",2100.00,https://media.tacdn.com/media/attractions-splice-spp-674x446/14/3a/46/26.jpg,Guanajuato,3.5 Hours,false,true,2026-05-25 17:23:01.846939+00,2026-06-03 15:11:31.017354+00
4d6847a4-d716-4c7e-8a4b-34b2e720e4e9,01544f37-d138-4297-b970-a46b65c9bb62,explora-sabores-cultura-cdmx-degustacion-tacos-carnes-exoticas-insectos,"Explora los Sabores y la Cultura de CDMX: Degustación de Tacos, Carnes Exóticas e Insectos","Explore the Flavors and Culture of Mexico City: Taco, Exotic Meat and Insect Tasting","# Descripción

Sumérgete en la vibrante cultura gastronómica y la historia de la Ciudad de México con un recorrido único lleno de sabores, colores y tradiciones. Comienza en el Zócalo, donde explorarás la plaza principal y sus monumentos emblemáticos, como la Catedral Metropolitana y el Palacio Nacional.

A lo largo del recorrido, visitarás taquerías locales para degustar tacos tradicionales y delicias hechas con insectos, una tradición culinaria mexicana. Además, tendrás la oportunidad de probar carnes exóticas en el Mercado de San Juan y disfrutar de un shot de tequila o mezcal.

La experiencia culmina en el Mercado de La Ciudadela, donde podrás descubrir artesanías auténticas y souvenirs en más de 350 puestos.

# Incluye

- Guía experto bilingüe durante todo el recorrido
- Degustación de tacos y delicias exóticas
- Shot de tequila o mezcal
- Acceso a mercados tradicionales

# No incluye

- Propinas para guías o personal del evento
- Transporte hacia o desde el punto de encuentro

# Importante

El punto de encuentro será definido y confirmado una vez que se realice la reservación. Esto nos permite garantizar la mejor organización y brindar una experiencia cómoda y segura.","# Description

Immerse yourself in the vibrant gastronomic culture and history of Mexico City through a unique experience filled with flavors, colors and traditions. Begin at the Zócalo, where you will explore the city's main square and iconic landmarks such as the Metropolitan Cathedral and the National Palace.

Throughout the tour, you will visit local taquerías to taste traditional tacos and delicacies made with insects, a traditional part of Mexican cuisine. You will also have the opportunity to try exotic meats at Mercado de San Juan and enjoy a tequila or mezcal shot.

The experience concludes at Mercado de La Ciudadela, where you can discover authentic crafts and souvenirs among more than 350 artisan stands.

# Includes

- Bilingual expert guide throughout the tour
- Taco and exotic delicacy tasting
- Tequila or mezcal shot
- Access to traditional markets

# Does not include

- Tips for guides or event staff
- Transportation to or from the meeting point

# Important

The meeting point will be confirmed once the reservation is completed to ensure the best organization and a comfortable experience.",1481.00,https://i0.wp.com/foodandwineespanol.com/wp-content/uploads/2019/06/sopes.webp?fit=2560%2C1440&ssl=1,experiencias-gastronomicas,4 h,true,true,2026-05-25 18:02:35.833199+00,2026-05-25 18:02:35.833199+00
5dbdcd17-dc57-430a-afd2-fb25b7f8c99d,,paseo-en-globo-sobre-teotihuacan-con-visita-a-la-basilica-de-guadalupe,Paseo en globo sobre Teotihuacán con visita a la Basílica de Guadalupe,Hot Air Balloon Ride over Teotihuacan with Basilica of Guadalupe Visit,"Vive una experiencia única sobrevolando las majestuosas pirámides de Teotihuacán en un globo aerostático. Disfruta de vistas panorámicas del Valle de México mientras el sol ilumina las antiguas estructuras. Tras el vuelo, visita guiada a la Basílica de Guadalupe, uno de los santuarios más importantes de América Latina, donde podrás conocer su historia y significado cultural. Un día lleno de aventura, historia y espiritualidad.

*Duración aproximadamente 11 h*

**Incluye:** 
transporte en minibús desde Ciudad de México, paseo en globo de 30 minutos, guía en español e inglés, certificado de vuelo, entradas a Teotihuacán y Basílica de Guadalupe, desayuno tipo buffet, brindis con vino espumoso, taller artesanal, degustación de tequila.

**No incluye:** 
almuerzo.","Enjoy a unique experience soaring over the majestic pyramids of Teotihuacan in a hot-air balloon. Take in panoramic views of the Valley of Mexico as the sun lights up the ancient structures. After the flight, enjoy a guided visit to the Basilica of Guadalupe, one of Latin America's most important sanctuaries, where you can learn about its history and cultural significance. A day full of adventure, history, and spirituality.

*Duration approximately 11 h*

**Includes:** Minibus transportation from Mexico City, 30-minute balloon ride, Spanish and English guide, flight certificate, admission to Teotihuacan and the Basilica of Guadalupe, buffet breakfast, sparkling wine toast, artisan workshop, tequila tasting.

**Not included:** Lunch.",5300.00,https://images.unsplash.com/photo-1745873618373-f82a4195c5bb?q=80&w=1170&auto=format&fit=crop&ixlib=rb-4.1.0&ixid=M3wxMjA3fDB8MHxwaG90by1wYWdlfHx8fGVufDB8fHx8fA%3D%3D,Teotihuacán,11 Hours,false,true,2026-05-25 17:23:01.846939+00,2026-06-03 15:05:35.84267+00
5ea9586d-c042-434f-8af5-f57f52341685,,autobus-turistico-de-puerto-vallarta,Autobús Turístico de Puerto Vallarta,Puerto Vallarta Tourist Bus,"Explora Puerto Vallarta cómodamente a bordo de un vehículo panorámico de dos pisos descubierto. A lo largo de 21 paradas, recorrerás el icónico malecón con sus esculturas emblemáticas, como La Nostalgia, El Caballito de Mar, Origen y Destino, y el Mosaico de los Pescadores. También contemplarás vistas privilegiadas de la bahía, la parroquia de Nuestra Señora de Guadalupe, el parque Hidalgo, la playa Los Muertos y la pintoresca zona de Conchas Chinas. El boleto tiene una validez de 11 horas: podrás subir y bajar cuantas veces quieras durante ese período, usando un brazalete que se entrega al inicio. El sistema de audio guiado en español e inglés te compartirá datos fascinantes, como antiguas historias de piratas y curiosidades sobre la ciudad.

*Duración aproximadamente 11 h*
(validez del pase durante ese tiempo)

**Incluye:** 
uso ilimitado del autobús durante 11 horas, comentarios grabados en español e inglés.","Explore Puerto Vallarta comfortably aboard an open-top double-decker panoramic vehicle. Across 21 stops, you will travel along the iconic boardwalk and its landmark sculptures, such as La Nostalgia, The Seahorse, Origin and Destination, and the Fishermen Mosaic. You will also enjoy privileged views of the bay, the Church of Our Lady of Guadalupe, Hidalgo Park, Los Muertos Beach, and the picturesque Conchas Chinas area. The ticket is valid for 11 hours: you may hop on and off as many times as you like during that period, using a wristband provided at the start. The audio system in Spanish and English shares fascinating facts, including old pirate stories and city curiosities.

*Duration approximately 11 h*
(ticket valid for that time)

**Includes:** Unlimited bus use for 11 hours, recorded commentary in Spanish and English.",540.00,https://media-cdn.tripadvisor.com/media/attractions-splice-spp-720x480/0b/98/77/aa.jpg,Puerto Vallarta,11 Hours,false,true,2026-05-25 17:23:01.846939+00,2026-06-03 14:44:14.73579+00
5fe9bbd7-a67f-462b-b2e1-a3cf79bd7069,,excursion-por-los-pueblos-de-la-independencia-mexicana,Excursión por los pueblos de la independencia mexicana,Tour through the Towns of Mexican Independence,"Revive la historia de la independencia de México en una ruta que te llevará por tres de los pueblos más emblemáticos de Guanajuato. Comenzaremos con una parada en Conservas Santa Rosa para degustar los tradicionales dulces de la sierra. Luego, nos dirigiremos a Dolores Hidalgo, donde Miguel Hidalgo lanzó el famoso «¡Grito de Dolores!» en 1810. Visitaremos la parroquia donde se proclamó la independencia, la antigua cárcel, la casa-museo de Hidalgo y el mausoleo de José Alfredo Jiménez. Continuaremos hacia Atotonilco para admirar el Santuario de Jesús de Nazareno, considerado Patrimonio de la Humanidad. Finalizaremos en San Miguel de Allende, un Pueblo Mágico conocido por su arquitectura colonial y su ambiente artístico. Durante el recorrido, tendrás tiempo para explorar los mercados locales y adquirir artesanías típicas.

*Duración aproximadamente 8 h*

**Incluye:** 
transporte en vehículo climatizado, guía bilingüe (español/inglés), entradas a los sitios mencionados.","Relive the history of Mexico's independence on a route that takes you through three of Guanajuato's most emblematic towns. We begin with a stop at Conservas Santa Rosa to taste the region's traditional sweets. Then we head to Dolores Hidalgo, where Miguel Hidalgo delivered the famous 'Grito de Dolores' in 1810. We visit the parish where independence was proclaimed, the former jail, Hidalgo's house-museum, and the mausoleum of José Alfredo Jiménez. We continue to Atotonilco to admire the Sanctuary of Jesus of Nazareth, considered a World Heritage site. We finish in San Miguel de Allende, a Magical Town known for its colonial architecture and artistic atmosphere. Along the way, you will have time to explore local markets and buy traditional handicrafts.

*Duration approximately 8 h*

**Includes:** Air-conditioned vehicle transport, bilingual guide (Spanish/English), admissions to the sites mentioned.",1670.00,https://www.civitatis.com/f/mexico/santiago-de-queretaro/galeria/excursion-por-los-pueblos-de-la-independencia-mexi-7.jpg,Guanajuato,8 Hours,false,true,2026-05-25 17:23:01.846939+00,2026-06-03 15:09:56.082444+00
62c67b67-16d4-4f5e-aef6-1140ac0c46b8,01544f37-d138-4297-b970-a46b65c9bb62,secretos-picantes,Secretos Picantes,Spicy Secrets,"# Descripción

Embárcate en una aventura culinaria única en el emblemático Mercado de Jamaica, uno de los mercados más vibrantes de la Ciudad de México.

Durante este recorrido, descubrirás la riqueza cultural del chile, un ingrediente esencial en la gastronomía mexicana.

Explora los coloridos puestos del mercado, escucha historias de una familia con más de 60 años de tradición y aprende sobre el legado del chile en la cocina local.

La experiencia culmina en un bar clandestino secreto dentro del mercado, donde podrás crear tu propia salsa personalizada y disfrutar de un menú de degustación.

# Incluye

- Visita guiada al Mercado de Jamaica
- Taller de elaboración de salsa personalizada
- Menú de degustación con 4 platos
- Bebidas: mezcal, cóctel artesanal y agua de frutas
- Degustaciones de comida callejera
- Guía experto en gastronomía local

# No incluye

- Alimentos y bebidas adicionales fuera del tour
- Transporte hacia o desde el Mercado de Jamaica

# Importante

El punto de encuentro será definido y confirmado una vez que se realice la reservación.","# Description

Embark on a unique culinary adventure inside Mercado de Jamaica, one of the most vibrant markets in Mexico City.

During this experience, you will discover the cultural importance of chili peppers, an essential ingredient in Mexican cuisine.

Explore colorful market stalls, hear stories from a family with more than 60 years of tradition and learn about the legacy of chili peppers in local cooking.

The experience ends inside a hidden speakeasy-style bar where you will create your own salsa and enjoy a curated tasting menu.

# Includes

- Guided visit through Mercado de Jamaica
- Personalized salsa-making workshop
- Four-course tasting menu
- Drinks including mezcal, craft cocktail and fruit water
- Street food tastings
- Expert local gastronomy guide

# Does not include

- Additional food or beverages outside the tour
- Transportation to or from Mercado de Jamaica

# Important

The meeting point will be confirmed once the reservation is completed.",2000.00,https://www.gob.mx/cms/uploads/article/main_image/72683/chiles_frescos.jpg,experiencias-gastronomicas,2.5 h,false,true,2026-05-25 18:02:35.833199+00,2026-05-25 18:02:35.833199+00
68abb84e-2adb-496a-b824-8ea9e6ca2cea,,paseo-en-camello-por-el-desierto-y-playa,Paseo en Camello por el Desierto y Playa,Camel Ride through the Desert and Beach,"Vive una experiencia única recorriendo los paisajes más emblemáticos de Los Cabos sobre un camello. Te recogemos en tu hotel y te llevamos en transporte climatizado hasta un rancho ubicado entre el desierto y la costa del Pacífico. Comenzarás con una breve introducción y contacto con estos gentiles animales, antes de disfrutar un paseo de aproximadamente 25 minutos entre dunas y orillas del mar. Durante el recorrido el guía te compartirá conocimientos sobre la flora, fauna y cultura local. Al terminar, podrás interactuar con los camellos en el santuario, tomarte fotos (disponibles para compra) y relajarte con una degustación de tequila y un almuerzo tipo buffet con sabores tradicionales. Finalmente, te regresamos a tu hotel para concluir la experiencia.

*Duración aproximadamente 3 h*

**Incluye:** 
transporte redondo desde tu hotel, guía bilingüe español e inglés, paseo en camello de 25 minutos por desierto y playa, equipo de seguridad, interacción en santuario de camellos, degustación de tequila, buffet regional al finalizar, y oportunidad de fotografías con camellos (opcionales para compra).","Enjoy a unique experience riding a camel through some of the most iconic landscapes in Los Cabos. We pick you up at your hotel and take you in air-conditioned transportation to a ranch located between the desert and the Pacific coast. You will begin with a brief introduction and close contact with these gentle animals before enjoying an approximately 25-minute ride among dunes and shoreline. Along the way, the guide will share knowledge about local flora, fauna, and culture. Afterward, you can interact with the camels in the sanctuary, take photos (available for purchase), and relax with a tequila tasting and a buffet lunch featuring traditional flavors. Finally, we return you to your hotel to end the experience.

*Duration approximately 3 h*

**Includes:** Round-trip transportation from your hotel, bilingual Spanish/English guide, 25-minute camel ride through desert and beach, safety equipment, interaction in the camel sanctuary, tequila tasting, regional buffet at the end, and photo opportunities with camels (optional purchase).",1930.00,https://media.tacdn.com/media/attractions-splice-spp-674x446/12/d7/92/ec.jpg,los-cabos,3 Hours,false,true,2026-05-25 17:23:01.846939+00,2026-06-03 15:13:08.907553+00
6a2378cc-2e8d-483c-883c-2963373b7a73,,excursion-todo-incluido-a-xcaret-desde-cancun,Excursión Todo Incluido a Xcaret desde Cancún,All-Inclusive Xcaret Excursion from Cancún,"Vive una experiencia única en el parque eco-arqueológico Xcaret, donde podrás disfrutar de más de 50 atracciones naturales y culturales. La excursión incluye transporte redondo desde Cancún, acceso al parque, actividades como nado en ríos subterráneos, snorkel en caletas, visita a zoológicos y acuarios, y el espectáculo nocturno «Xcaret México Espectacular». Además, tendrás acceso a un buffet con comida y bebidas durante el día.

*Duración 12 h*

**Incluye:** 
Transporte redondo desde Cancún, acceso al parque Xcaret, actividades como nado en ríos subterráneos, snorkel, visita a zoológicos y acuarios, espectáculo nocturno «Xcaret México Espectacular» y buffet con comida y bebidas durante el día","Experience the unique eco-archaeological Xcaret Park, where you can enjoy more than 50 natural and cultural attractions. The excursion includes round-trip transportation from Cancún, park admission, activities such as swimming in underground rivers, snorkeling in coves, visits to zoos and aquariums, and the nighttime show 'Xcaret México Espectacular.' You will also have access to a buffet with food and drinks throughout the day.

*Duration 12 h*

**Includes:** Round-trip transportation from Cancún, Xcaret park admission, activities such as swimming in underground rivers, snorkeling, visits to zoos and aquariums, the 'Xcaret México Espectacular' nighttime show, and a buffet with food and drinks during the day",5840.00,https://images.unsplash.com/photo-1720012913982-1f1b7ecb8af1?q=80&w=1170&auto=format&fit=crop&ixlib=rb-4.1.0&ixid=M3wxMjA3fDB8MHxwaG90by1wYWdlfHx8fGVufDB8fHx8fA%3D%3D,Cancún,12 Hours,false,true,2026-05-25 17:23:01.846939+00,2026-06-03 15:04:08.508957+00
6f7c9986-ad9b-4e4f-a098-dfe403cd996e,01544f37-d138-4297-b970-a46b65c9bb62,la-noche-de-las-animas,La Noche de las Ánimas,Night of the Souls,"# Descripción

Adéntrate en una celebración única del Día de Muertos en el corazón de la Ciudad de México.

Este tour te llevará a explorar las tradiciones culinarias que honran a los seres queridos que han partido.

Comenzarás con una bienvenida especial, seguida de un recorrido por altares tradicionales y mercados locales.

La experiencia culmina con una cena temática de 5 tiempos, cada uno representando diferentes etapas de la vida y la muerte.

# Incluye

- Recorrido por altares y mercados tradicionales
- Cena temática de 5 tiempos
- Bebidas tradicionales: mezcal y agua de frutas
- Guía experto en tradiciones mexicanas
- Material informativo sobre el Día de Muertos

# No incluye

- Propinas para guías o personal del evento
- Transporte hacia o desde el punto de encuentro

# Importante

El punto de encuentro será definido y confirmado una vez que se realice la reservación.","# Description

Experience a unique Day of the Dead celebration in the heart of Mexico City.

This tour invites you to explore culinary traditions that honor loved ones who have passed away.

You will begin with a special welcome followed by visits to traditional altars and local markets where you will learn about the symbolism and ingredients used during the celebration.

The experience concludes with a five-course themed dinner representing different stages of life and death.

# Includes

- Visit to traditional altars and local markets
- Five-course themed dinner
- Traditional drinks including mezcal and fruit water
- Expert guide in Mexican traditions
- Informational material about Day of the Dead

# Does not include

- Tips for guides or event staff
- Transportation to or from the meeting point

# Important

The meeting point will be confirmed after reservation.",2800.00,https://cdn.forbes.com.mx/2019/10/Michoaca%CC%81n-fiesta.jpg,experiencias-gastronomicas,3.5 h,true,true,2026-05-25 18:02:35.833199+00,2026-05-25 18:02:35.833199+00
7dcb92f0-698e-4be1-8342-d0523fc14446,,senderismo-por-playas-escondidas-snorkel-en-colomitos,Senderismo por playas escondidas + Snorkel en Colomitos,Hidden Beaches Hike + Snorkeling in Colomitos,"Comienza tu aventura en la emblemática calle Constitución, desde donde nuestro transporte te llevará por la costa hasta Boca de Tomatlán. Desde allí inicia una caminata mágica por la orilla del mar y entre bosque tropical hasta descubrir la playa más pequeña de México: Colomitos. En esta joya escondida tendrás tiempo para descansar, tomar fotos y, si las condiciones lo permiten, practicar snorkel en un rincón secreto donde el mar revela una explosión de peces tropicales. Luego, seguirás explorando otras calas escondidas antes de arribar a la paradisiaca Playa Las Ánimas, donde podrás disfrutar del marisco local por tu cuenta. El retorno es en lancha pintoresca, recorriendo la bahía de Vallarta desde una perspectiva única, hasta regresar en vehículo al punto de origen. La experiencia completa dura entre 6 y 7 horas.

*Duración aproximadamente 6–7 h*

**Incluye:** 
transporte en autobús o minibús, paseo en lancha desde Las Ánimas a Boca de Tomatlán, guía bilingüe (español/inglés), equipo de snorkel.

**No incluye:** 
comidas y bebidas.","Begin your adventure on the iconic Constitución Street, where our transport will take you along the coast to Boca de Tomatlán. From there, start a magical hike along the shore and through tropical forest until you discover the smallest beach in Mexico: Colomitos. At this hidden gem, you will have time to rest, take photos, and, if conditions allow, snorkel in a secret spot where the sea reveals an explosion of tropical fish. Then continue exploring other hidden coves before arriving at paradise-like Las Ánimas Beach, where you can enjoy local seafood on your own. The return is by scenic boat, crossing Banderas Bay from a unique perspective, before returning by vehicle to the starting point. The full experience lasts between 6 and 7 hours.

*Duration approximately 6 to 7 h*

**Includes:** Bus or minibus transport, boat ride from Las Ánimas to Boca de Tomatlán, bilingual guide (Spanish/English), snorkeling gear.

**Not included:** Meals and drinks.",1530.00,https://www.civitatis.com/f/mexico/puerto-vallarta/galeria/caminando-cerca-orilla-mar.jpg,Puerto Vallarta,6 - 7 Hours,false,true,2026-05-25 17:23:01.846939+00,2026-06-03 15:10:23.751265+00
81019871-0bc8-4514-8d0d-895363bf9015,01544f37-d138-4297-b970-a46b65c9bb62,tour-gastronomico-centro-historico-cdmx,Tour Gastronómico Centro Histórico CDMX,Historic Center Food Tour Mexico City,"# Descripción

Sumérgete en el corazón histórico de la Ciudad de México a través de sus sabores más emblemáticos.

Comienza tu recorrido explorando el Centro Histórico, donde descubrirás mercados tradicionales, cantinas y puestos callejeros que ofrecen auténticos tacos, quesadillas, tamales y antojitos mexicanos.

A lo largo del tour, aprenderás sobre la historia y cultura de cada platillo mientras degustas preparaciones locales cuidadosamente seleccionadas.

La experiencia incluye también paradas en cafeterías y heladerías icónicas.

# Incluye

- Guía especializado en español e inglés
- Degustaciones en 5-6 puntos gastronómicos seleccionados
- Recorrido a pie por calles y plazas históricas

# No incluye

- Alimentos y bebidas adicionales fuera del tour
- Transporte hacia o desde la Ciudad de México

# Importante

El punto de encuentro será definido y confirmado una vez que se realice la reservación.","# Description

Immerse yourself in the historic heart of Mexico City through its most iconic flavors.

Explore the Historic Center while discovering traditional markets, cantinas and street food stalls serving authentic tacos, quesadillas, tamales and Mexican snacks.

Throughout the experience, you will learn about the history and culture behind every dish while tasting carefully selected local specialties.

The tour also includes stops at iconic cafés and ice cream shops.

# Includes

- Specialized bilingual guide
- Tastings at 5 to 6 selected food spots
- Walking tour through historic streets and plazas

# Does not include

- Additional food or beverages outside the tour
- Transportation to or from Mexico City

# Important

The meeting point will be confirmed after booking.",2290.00,https://foodandpleasure.com/wp-content/uploads/2025/06/que-hacer-en-el-centro-historico-de-la-cdmx6.jpg,experiencias-gastronomicas,4 h,true,true,2026-05-25 18:02:35.833199+00,2026-05-25 18:02:35.833199+00
899384a6-cf14-4d5c-be77-97c963ddb915,,tour-por-guanajuato-museo-de-las-momias,Tour por Guanajuato + Museo de las Momias,Tour of Guanajuato + Mummy Museum,"Embárcate en un recorrido guiado por las históricas calles de Guanajuato, Patrimonio de la Humanidad. Comenzaremos con una visita al Museo de las Momias, donde podrás admirar más de 100 momias naturales y conocer su fascinante historia. Luego, exploraremos la mina de la Valenciana, descendiendo por sus pasillos para descubrir los minerales extraídos y las herramientas utilizadas por los mineros. Continuaremos el tour visitando el templo de San Cayetano, conocido por su impresionante retablo churrigueresco. A lo largo del recorrido, degustaremos dulces típicos de la región y exploraremos los túneles subterráneos de la ciudad. El tour culminará con una visita al Monumento al Pípila, desde donde podrás disfrutar de una vista panorámica de Guanajuato.

*Duración aproximadamente 4 h 30 min*

**Incluye:** 
transporte en minibús o autobús, guía en español e inglés, entradas a los museos y sitios mencionados, degustación de dulces típicos.","Set off on a guided tour through the historic streets of Guanajuato, a World Heritage city. We begin with a visit to the Mummy Museum, where you can admire more than 100 natural mummies and learn about their fascinating history. Then we explore the Valenciana mine, descending through its passages to discover the minerals extracted and the tools used by miners. We continue with a visit to the San Cayetano temple, known for its impressive Churrigueresque altarpiece. Along the way, we will taste typical regional sweets and explore the city's underground tunnels. The tour ends with a visit to the Pípila Monument, where you can enjoy panoramic views of Guanajuato.

*Duration approximately 4 h 30 min*

**Includes:** Minibus or bus transportation, Spanish and English guide, admissions to the museums and sites mentioned, tasting of typical sweets.",1600.00,https://www.civitatis.com/f/mexico/guanajuato/tour-guanajuato-museo-momias-589x392.jpg,Guanajuato,4.5 Hours,false,true,2026-05-25 17:23:01.846939+00,2026-06-03 15:11:05.313926+00
8aaaf8a5-819b-4740-bd9d-8026dcdfd473,01544f37-d138-4297-b970-a46b65c9bb62,metodos-extraccion-alma-cafe,Métodos de Extracción en Alma Café,Coffee Extraction Methods at Alma Café,"# Descripción

Adéntrate en el mundo del café de especialidad en Alma Café, ubicado en la colonia Narvarte de la Ciudad de México. Este tour te ofrece una experiencia sensorial única donde podrás descubrir tres métodos distintos de preparación del mismo café.

La actividad incluye una cata guiada, maridaje y una clase magistral sobre el perfil del café y técnicas para replicar las extracciones en casa.

Además, podrás adquirir el café degustado para llevarlo y seguir disfrutando de su sabor en tu hogar.

# Incluye

- Cata de café con tres métodos de extracción: goteo, espresso y un cóctel exclusivo
- Maridaje de sabores complementarios
- Clase magistral sobre perfiles de sabor y técnicas de extracción
- Oportunidad de adquirir el café degustado para llevar
- Explicación en español e inglés

# No incluye

- Bebidas alcohólicas
- Servicio ni propina

# Importante

El punto de encuentro será definido y confirmado una vez que se realice la reservación. Esto nos permite garantizar la mejor organización y brindar una experiencia cómoda y segura.","# Description

Step into the world of specialty coffee at Alma Café, located in the Narvarte neighborhood of Mexico City. This experience offers a unique sensory journey where you will discover three different methods of preparing the same coffee.

The activity includes a guided tasting, flavor pairing and a masterclass about coffee profiles and extraction techniques you can replicate at home.

You will also have the opportunity to purchase the featured coffee to continue enjoying it after the experience.

# Includes

- Coffee tasting using three extraction methods: drip, espresso and a signature cocktail
- Complementary flavor pairing
- Masterclass on flavor profiles and extraction techniques
- Opportunity to purchase the featured coffee
- Spanish and English explanations

# Does not include

- Alcoholic beverages
- Service or gratuity

# Important

The meeting point will be confirmed after booking to ensure the best organization and guest experience.",695.00,"https://applications-media.feverup.com/image/upload/f_auto,w_720,h_720/fever2/plan/photo/db3edc46-fdf3-11ed-bad3-9e6a246cc44b.jpg",experiencias-gastronomicas,1.5 h,false,true,2026-05-25 18:02:35.833199+00,2026-05-25 18:02:35.833199+00
9a08e653-9001-4380-b253-98a30477119a,,tour-al-vinedo-de-san-miguel-de-allende,Tour al Viñedo de San Miguel de Allende,Tour to a San Miguel de Allende Vineyard,"Embárcate en un recorrido exclusivo por uno de los viñedos más prestigiosos de San Miguel de Allende. Durante este tour, descubrirás el proceso de producción del vino mexicano, desde la cosecha hasta la botella, guiado por expertos enología. La experiencia incluye una cata de vinos maridada con una tabla de quesos artesanales, permitiéndote apreciar los sabores y aromas únicos de la región. Además, tendrás la oportunidad de recorrer los hermosos viñedos, aprender sobre las variedades de uva cultivadas y disfrutar de un paisaje espectacular.

*Duración aproximadamente 8 h*

**Incluye:** 
transporte redondo desde Guanajuato, guía en español e inglés, cata de vinos con tabla de quesos.","Set off on an exclusive tour of one of the most prestigious vineyards in San Miguel de Allende. During this tour, you will discover the Mexican wine production process, from harvest to bottle, guided by expert oenologists. The experience includes a wine tasting paired with an artisanal cheese board, allowing you to appreciate the region's unique flavors and aromas. You will also have the chance to tour the beautiful vineyards, learn about the grape varieties grown, and enjoy a spectacular landscape.

*Duration approximately 8 h*

**Includes:** Round-trip transportation from Guanajuato, Spanish and English guide, wine tasting with cheese board.",2720.00,https://media-cdn.tripadvisor.com/media/attractions-splice-spp-674x446/11/71/8a/2c.jpg,San Miguel de Allende,8 Hours,false,true,2026-05-25 17:23:01.846939+00,2026-06-03 15:04:38.735682+00
b280b624-81ba-400f-97ff-ca40f7aa1f4c,,excursion-a-hierve-el-agua-copy,Avistamiento de Delfines en Puerto Escondido,Dolphin Watching in Puerto Escondido,"Embárcate en una experiencia marítima de aproximadamente 3 horas, donde navegarás desde Puerto Angelito en busca de delfines en su hábitat natural. Podrás observar diversas especies marinas como tortugas, mantarrayas y aves, y, en ocasiones, incluso ballenas según la temporada. Se incluye la posibilidad de nadar o hacer snorkel con los delfines, siempre sujeto a condiciones de seguridad.

*Duración 3 h*

**Incluye:** Recogida en el hotel (en un cierto radio) y regreso (sujeto a tarifa según distancia), guía profesional español e inglés, agua embotellada, equipo de snorkel y chaleco salvavidas, oportunidad de nadar con delfines (según decisión del guía).
Propinas sugeridas incluidas","Embark on a marine experience of approximately 3 hours, sailing from Puerto Angelito in search of dolphins in their natural habitat. You may also spot sea turtles, manta rays, and birds, and sometimes even whales depending on the season. The tour includes the possibility of swimming or snorkeling with the dolphins, always subject to safety conditions.

*Duration 3 h*

**Includes:** Hotel pickup (within a certain radius) and drop-off (subject to distance-based fee), professional Spanish- and English-speaking guide, bottled water, snorkeling gear and life vest, opportunity to swim with dolphins (depending on the guide's decision).
Suggested tips included.",920.00,https://media-cdn.tripadvisor.com/media/attractions-splice-spp-674x446/10/7a/7b/6f.jpg,oaxaca,3 Hours,false,true,2026-05-25 17:23:01.846939+00,2026-06-03 14:48:51.310995+00
bc343f97-8689-4817-9b5d-66b84e74f27b,,excursion-a-isla-mujeres-en-catamaran,Excursión a Isla Mujeres en Catamarán,Isla Mujeres Catamaran Excursion,"Embárcate en una aventura caribeña a bordo de un moderno catamarán que te llevará a la paradisíaca Isla Mujeres. Durante el trayecto, disfruta de un ambiente festivo con música, barra libre y actividades a bordo. Al llegar a la isla, tendrás tiempo para explorar sus encantos, relajarte en sus playas y disfrutar de un delicioso almuerzo buffet en un exclusivo club de playa. La experiencia incluye también una parada para practicar snorkel en los vibrantes arrecifes del Caribe.

*Duración de 7 a 9 h*

**Incluye:** Recogida en el hotel en Cancún y traslado de regreso (según la modalidad), excursión en catamarán a Isla Mujeres, barra libre de bebidas a bordo del catamarán, equipamiento para practicar snorkel, almuerzo tradicional mexicano tipo buffet y bebidas en el club de playa (según la modalidad).","Set off on a Caribbean adventure aboard a modern catamaran that will take you to paradise-like Isla Mujeres. Along the way, enjoy a festive atmosphere with music, open bar, and onboard activities. Once on the island, you will have time to explore its charms, relax on its beaches, and enjoy a delicious buffet lunch at an exclusive beach club. The experience also includes a stop for snorkeling at vibrant Caribbean reefs.

*Duration 7 to 9 h*

**Includes:** Hotel pickup in Cancún and return transfer (depending on the option), catamaran excursion to Isla Mujeres, open bar on board, snorkeling equipment, traditional Mexican buffet lunch, and beach club drinks (depending on the option).",2780.00,https://media.tacdn.com/media/attractions-splice-spp-674x446/13/e6/47/f9.jpg,isla-mujeres,7 - 9 Hours,false,true,2026-05-25 17:23:01.846939+00,2026-06-03 14:50:30.027257+00
c4a805a1-8d1f-4f90-8ac3-ba99c0ccbee6,,snorkel-en-el-santuario-de-tortugas-de-cozumel,Snorkel en el Santuario de Tortugas de Cozumel,Snorkeling at the Cozumel Turtle Sanctuary,"Sumérgete en las cristalinas aguas del Caribe mexicano y nada junto a tortugas marinas en su hábitat natural. Esta actividad de snorkel te llevará a los mejores puntos de la isla, donde podrás observar una rica biodiversidad marina, incluyendo rayas águila y una variedad de peces tropicales. Un guía experto te acompañará durante todo el recorrido, brindándote información sobre la fauna local y garantizando tu seguridad en todo momento.

*Duración 4 h*

**Incluye:** Equipo de snorkel, guía en español e inglés, chaleco salvavidas, aperitivo mexicano
Impuesto del parque marino no incluido: $200 MXN por persona","Dive into the crystal-clear waters of the Mexican Caribbean and swim alongside sea turtles in their natural habitat. This snorkeling activity takes you to the island's best spots, where you can observe rich marine biodiversity, including eagle rays and a variety of tropical fish. An expert guide will accompany you throughout the experience, providing information about the local wildlife and ensuring your safety at all times.

*Duration 4 h*

**Includes:** Snorkeling gear, Spanish- and English-speaking guide, life vest, Mexican snack
Marine park fee not included: MXN $200 per person",1530.00,https://media-cdn.tripadvisor.com/media/attractions-splice-spp-674x446/12/78/f6/ea.jpg,cozumel,4 Hours,false,true,2026-05-25 17:23:01.846939+00,2026-06-03 15:11:53.483119+00
cbf079f0-be14-4080-b28d-74d74b285deb,,paseo-en-barco-transparente-por-los-cabos,Paseo en barco transparente por Los Cabos,Transparent Boat Ride in Los Cabos,"

*Embárcate en una experiencia extraordinaria por el mar de Cortés, navegando en una embarcación completamente transparente. Iniciamos el recorrido desde la Marina de Cabo San Lucas hacia el emblemático Arco, considerado el “fin de la Tierra”. Tendrás vistas únicas del fondo marino mientras observas colonias de leones marinos, coloridos arrecifes de coral y las playas del Amor y del Divorcio. La travesía tiene una duración aproximada de 45 minutos, luego regresaremos a la marina para concluir el tour.*

*Duración aproximadamente 45 min*

**Incluye:** 
paseo en barco transparente, guía bilingüe en español e inglés, chaleco salvavidas obligatorio.","

*Set off on an extraordinary experience across the Sea of Cortez aboard a completely transparent boat. We begin the trip from the Cabo San Lucas Marina toward the iconic Arch, considered the 'End of the Earth.' You will enjoy unique views of the seabed while observing sea lion colonies, colorful coral reefs, and Lovers Beach and Divorce Beach. The trip lasts approximately 45 minutes, after which we return to the marina to end the tour.*

*Duration approximately 45 min*

**Includes:** Transparent boat ride, bilingual Spanish/English guide, mandatory life vest.",950.00,https://images.unsplash.com/photo-1763846927731-57a979ca1a34?q=80&w=627&auto=format&fit=crop&ixlib=rb-4.1.0&ixid=M3wxMjA3fDB8MHxwaG90by1wYWdlfHx8fGVufDB8fHx8fA%3D%3D,los-cabos,45 Minutes,false,true,2026-05-25 17:23:01.846939+00,2026-06-03 15:05:03.900987+00
cca5808a-4862-412a-b232-4aa9bc82e1de,,snorkel-en-los-cabos,Snorkel en Los Cabos,Snorkeling in Los Cabos,"

*Sumérgete en las cristalinas aguas de Playa Chileno, en el sur de la Baja California, ideal para practicar snorkel entre arrecifes de coral y coloridos peces tropicales. El recorrido inicia en la playa, donde se te proporcionará todo el equipo necesario —máscara, tubo y aletas— y recibirás una breve instrucción para disfrutar al máximo la experiencia. Acompañado por un guía experto en especies marinas, podrás explorar el fondo marino mientras aprendes sobre la fauna y flora local. La actividad tiene una duración aproximada de 3 horas y finaliza en el mismo punto de partida.*

*Duración aproximadamente 3 h*

**Incluye:** 
guía bilingüe (español/inglés), equipo de snorkel completo, botella de agua y snack.","

*Dive into the crystal-clear waters of Chileno Beach in southern Baja California, ideal for snorkeling among coral reefs and colorful tropical fish. The tour begins on the beach, where you will be provided with all the necessary equipment — mask, snorkel, and fins — along with a brief introduction so you can make the most of the experience. Accompanied by a guide expert in marine species, you can explore the seabed while learning about the local fauna and flora. The activity lasts approximately 3 hours and ends at the same starting point.*

*Duration approximately 3 h*

**Includes:** Bilingual guide (Spanish/English), full snorkeling gear, bottle of water, and snack.",940.00,https://images.unsplash.com/photo-1702593496618-68fa8af7b5e1?q=80&w=1171&auto=format&fit=crop&ixlib=rb-4.1.0&ixid=M3wxMjA3fDB8MHxwaG90by1wYWdlfHx8fGVufDB8fHx8fA%3D%3D,los-cabos,3 Hours,false,true,2026-05-25 17:23:01.846939+00,2026-06-03 15:06:00.451697+00
da55bd41-f2b4-4142-ab6f-ca844af75fe0,,excursion-a-hierve-el-agua,Excursión a Hierve el Agua,Hierve el Agua Excursion,"Disfruta de una excursión organizada desde la ciudad de Oaxaca hacia el impresionante sitio natural de Hierve el Agua. Esta opción incluye transporte redondo desde Oaxaca y tiempo libre para explorar las cascadas petrificadas, admirar los paisajes únicos y, si lo deseas, darte un chapuzón en las pozas naturales.

*Duración aproximadamente medio día*

**Incluye:** 
Transporte redondo desde la ciudad de Oaxaca, tiempo libre en Hierve el Agua. Guía para senderismo opcional (+$200 MXN).","Enjoy an organized excursion from Oaxaca city to the impressive natural site of Hierve el Agua. This option includes round-trip transportation from Oaxaca and free time to explore the petrified waterfalls, admire the unique landscapes, and, if you wish, take a dip in the natural pools.

*Duration approximately half a day*

**Includes:** Round-trip transportation from Oaxaca city, free time at Hierve el Agua. Optional hiking guide (+MXN $200).",905.00,https://www.mexicodesconocido.com.mx/wp-content/uploads/2018/02/1_Hierve-el-Agua-Oaxaca-Fotolia_128693009_Subscription_Monthly_XXL.jpg,oaxaca,1/2 Days,false,true,2026-05-25 17:23:01.846939+00,2026-06-03 14:48:27.788936+00
dc0c246a-0b83-44f8-86f2-a62bad5b1dd8,,excursion-a-isla-holbox,Excursión a Isla Holbox,Holbox Island Excursion,"Disfruta de un día completo explorando la paradisíaca Isla Holbox, conocida por sus playas de arena blanca, aguas turquesas y una atmósfera relajada. La excursión incluye transporte desde Cancún, Playa del Carmen o Tulum, guía en español e inglés, paseo en lancha a Isla Pasión y la Laguna Yalahau, y tiempo libre para disfrutar de la isla.

*Duración de 8 a 10 h*

**Incluye:** Transporte, guía en español e inglés, paseo en lancha, desayuno, almuerzo, 1 bebida
Tasas de embarque y área natural no incluida","Enjoy a full day exploring the paradise of Holbox Island, known for its white-sand beaches, turquoise waters, and relaxed atmosphere. The excursion includes transportation from Cancún, Playa del Carmen, or Tulum, a Spanish- and English-speaking guide, a boat ride to Passion Island and Yalahau Lagoon, and free time to enjoy the island.

*Duration 8 to 10 h*

**Includes:** Transportation, Spanish- and English-speaking guide, boat ride, breakfast, lunch, 1 drink
Boarding fees and natural area fee not included",2505.00,https://www.barcelo.com/guia-turismo/wp-content/uploads/2021/02/holbox-isla-pasion-888.jpg,holbox,8 - 10 Hours,false,true,2026-05-25 17:23:01.846939+00,2026-06-03 14:49:16.793855+00
dd2427f2-a7ad-49d7-92e3-60268fa1bca7,,excursion-nocturna-a-chichen-itza-con-show-de-luz-y-sonido,Excursión Nocturna a Chichén Itzá con Show de Luz y Sonido,Night Tour to Chichén Itzá with Light and Sound Show,"Vive una experiencia única visitando Chichén Itzá durante el día con un guía arqueológico certificado, disfrutando de un delicioso almuerzo buffet y, por la noche, presenciando el impactante espectáculo de luz y sonido en la Pirámide de Kukulkán.

*Duración de 10 a 12 h*

**Incluye:** Transporte redondo desde Cancún, guía arqueológico en español e inglés, visita diurna a Chichén Itzá, almuerzo buffet, espectáculo nocturno de luz y sonido en la Pirámide de Kukulkán","Enjoy a unique experience visiting Chichén Itzá during the day with a certified archaeological guide, enjoying a delicious buffet lunch, and at night witnessing the impressive light and sound show at the Pyramid of Kukulkán.

*Duration 10 to 12 h*

**Includes:** Round-trip transportation from Cancún, archaeological guide in Spanish and English, daytime visit to Chichén Itzá, buffet lunch, nighttime light and sound show at the Pyramid of Kukulkán",1880.00,https://www.chichenitza.com/public/assets/img/chichen-itza-night-show.jpg,Chichén Itzá,10 - 12 Hours,false,true,2026-05-25 17:23:01.846939+00,2026-06-03 15:12:42.941849+00
e6d8fe63-d633-495c-a7c2-90e4b1778134,,espectaculo-de-lucha-libre-en-arena-mexico,Espectáculo de Lucha Libre en Arena México,Lucha Libre Show at Arena México,"Sumérgete en la adrenalina y tradición de la lucha libre mexicana en el icónico Arena México, conocido como la «Catedral de la Lucha Libre». Vive una noche llena de emoción con combates entre luchadores técnicos y rudos, acrobacias impresionantes y una atmósfera única. Durante el evento, disfrutarás de un espectáculo de entre dos y tres asaltos, con la posibilidad de recibir un regalo sorpresa como recuerdo. Una experiencia imperdible para los amantes de la cultura mexicana y el entretenimiento en vivo.

*Duración aproximadamente 4 h 30 min*

**Incluye:** 
entrada al Arena México, espectáculo de lucha libre en el estadio, regalo sorpresa.

**No incluye:** 
transporte, alimentos ni bebidas.","Immerse yourself in the adrenaline and tradition of Mexican lucha libre at the iconic Arena México, known as the 'Cathedral of Lucha Libre.' Experience an exciting night with matches between técnicos and rudos, impressive acrobatics, and a unique atmosphere. During the event, you will enjoy a show of two to three bouts, with the possibility of receiving a surprise gift as a keepsake. A must-see experience for lovers of Mexican culture and live entertainment.

*Duration approximately 4 h 30 min*

**Includes:** Arena México admission, lucha libre show in the stadium, surprise gift.

**Not included:** Transportation, food, or drinks.",1500.00,https://cmll.com/wp-content/uploads/2022/01/Viernes21Enero22-01-2.jpg,CDMX,4.5 Hours,false,true,2026-05-25 17:23:01.846939+00,2026-06-03 14:46:44.808273+00
fc33da4b-0da2-41a6-ad90-bafb36eb2a5b,,crucero-nocturno-con-cena-y-espectaculo,Crucero Nocturno con Cena y Espectáculo,Night Cruise with Dinner and Show,"Embárcate en una noche mágica a bordo de un catamarán de lujo que zarpa desde la Terminal Marítima de Puerto Vallarta. Navegarás por la Bahía de Banderas mientras disfrutas de una cena gourmet a la luz de las estrellas. El menú incluye una selección de platillos mexicanos e internacionales, acompañados de una barra libre de bebidas nacionales. La velada culmina con el impactante espectáculo «Ritmos de la Noche», una puesta en escena que fusiona danza, música y teatro, ambientada en un escenario natural rodeado de selva tropical. Esta experiencia es ideal para parejas, grupos de amigos y viajeros que buscan una noche inolvidable en Puerto Vallarta.

*Duración aproximadamente 5 h 30 min*

**Incluye:** 
transporte en catamarán, cena gourmet, barra libre de bebidas nacionales, espectáculo «Ritmos de la Noche».

**No incluye:** 
impuesto marítimo.","Set off on a magical night aboard a luxury catamaran departing from Puerto Vallarta's Maritime Terminal. You will sail through Banderas Bay while enjoying a gourmet dinner under the stars. The menu includes a selection of Mexican and international dishes, accompanied by an open bar with domestic drinks. The evening culminates with the impressive 'Rhythms of the Night' show, a performance that blends dance, music, and theater in a natural setting surrounded by tropical jungle. This experience is ideal for couples, groups of friends, and travelers looking for an unforgettable night in Puerto Vallarta.

*Duration approximately 5 h 30 min*

**Includes:** Catamaran ride, gourmet dinner, open bar with domestic drinks, 'Rhythms of the Night' show.

**Not included:** Maritime tax.",3550.00,https://encrypted-tbn0.gstatic.com/images?q=tbn:ANd9GcQtzpNnoxuKd4KYqWT-Z5W_kF7tHPprFvXLnQ&s,Puerto Vallarta,5.5 Hours,false,true,2026-05-25 17:23:01.846939+00,2026-06-03 14:44:52.179638+00